,Complaint Type,Request Closing Time
0,Squeegee,0.0
1,Vending,0.10461133069828722
2,Traffic,0.11209964412811388
3,Urinating in Public,0.12162162162162163
4,Bike/Roller/Skate Chronic,0.1320754716981132
5,Homeless Encampment,0.15194746376811594
6,Agency Issues,0.16666666666666666
7,Panhandling,0.17049180327868851
8,Noise - House of Worship,0.19052744886975242
9,Illegal Parking,0.20867546825524608
